"string key"|"context (file:line)"|"Italian"|"English"|"Portuguese"
"status_initialising"|"lab.html:30"|"inizializzazione…"|"initialising…"|"iniciando…"
"placeholder_loading_webcam"|"lab.html:31"|"Caricamento modelli e richiesta della webcam…"|"Loading models and requesting the webcam…"|"Carregando modelos e solicitando a webcam…"
"diagnostic_preview_alt"|"lab.html:33"|"anteprima diagnostica"|"diagnostic preview"|"prévia de diagnóstico"
"face_view_tablist_label"|"lab.html:46"|"Cosa vedi sul volto"|"What you see on the face"|"O que você vê no rosto"
"nav_home_label"|"lab.html:47"|"Home"|"Home"|"Início"
"view_camera"|"lab.html:55"|"Camera"|"Camera"|"Câmera"
"view_2d_points"|"lab.html:56"|"Punti 2D"|"2D points"|"Pontos 2D"
"view_3d_mesh"|"lab.html:57"|"Mesh 3D"|"3D mesh"|"Malha 3D"
"save_your_face_status"|"lab.html:63; scripts/lab-ui.js:295"|"Salva il tuo volto"|"Save your face"|"Salve seu rosto"
"match_label"|"lab.html:60"|"MATCH"|"MATCH"|"MATCH"
"copy_to_clipboard_title"|"lab.html:71"|"Copia negli appunti"|"Copy to clipboard"|"Copiar para a área de transferência"
"copy_button"|"lab.html:73"|"Copia"|"Copy"|"Copiar"
"pinned_ghostyle_1_title"|"lab.html:76"|"Ghostyle fissato 1"|"Pinned Ghostyle 1"|"Ghostyle fixado 1"
"pinned_ghostyle_2_title"|"lab.html:80"|"Ghostyle fissato 2"|"Pinned Ghostyle 2"|"Ghostyle fixado 2"
"record_2s_title"|"lab.html:84"|"Registra 2s"|"Record 2s"|"Gravar 2s"
"record_button"|"lab.html:86"|"Registra"|"Record"|"Gravar"
"language_label"|"lab.html:118"|"Lingua"|"Language"|"Idioma"
"language_help"|"lab.html:118"|"Lingua dell'interfaccia"|"Interface language"|"Idioma da interface"
"saved_faces_title"|"lab.html:92; lab.html:95; lab.html:210"|"Volti salvati"|"Saved faces"|"Rostos salvos"
"close_button"|"lab.html:93; lab.html:102; lab.html:169; lab.html:180; lab.html:191; lab.html:238; lab.html:255"|"Chiudi"|"Close"|"Fechar"
"on_device_kicker"|"lab.html:94; lab.html:103; lab.html:205"|"Sul dispositivo"|"On device"|"No dispositivo"
"saved_faces_description"|"lab.html:96"|"Baseline salvate su questo dispositivo. Il match viene misurato rispetto a quella attiva."|"Baselines stored on this device. The match is measured against the active one."|"Bases salvas neste dispositivo. A correspondência é medida contra a base ativa."
"settings_title"|"lab.html:101; lab.html:104; lab.html:212"|"Impostazioni"|"Settings"|"Configurações"
"lab_intro_note"|"lab.html:106"|"Laboratorio Web AR in tempo reale per sviluppare camouflage contro il riconoscimento facciale."|"Real-time Web AR lab for developing face-recognition camouflage."|"Laboratório Web AR em tempo real para desenvolver camuflagem contra reconhecimento facial."
"ghostyles_heading"|"lab.html:109"|"Ghostyle"|"Ghostyles"|"Ghostyles"
"camera_heading"|"lab.html:117"|"Camera"|"Camera"|"Câmera"
"front_back_hint"|"lab.html:118"|"Frontale / posteriore"|"Front / back"|"Frontal / traseira"
"fullscreen_label"|"lab.html:120"|"Schermo intero"|"Fullscreen"|"Tela cheia"
"fullscreen_help"|"lab.html:120"|"Riempi lo schermo"|"Fill the screen"|"Preencher a tela"
"ghostyles_defaults_note"|"lab.html:110"|"I predefiniti arrivano dalle prime due voci in ghostyles.json."|"Defaults come from the first two entries in ghostyles.json."|"Os padrões vêm das duas primeiras entradas em ghostyles.json."
"reload_ghostyles_button"|"lab.html:113"|"Ricarica Ghostyle"|"Reload Ghostyles"|"Recarregar Ghostyles"
"flip_camera_label"|"lab.html:118; lab.html:119"|"Cambia fotocamera"|"Flip camera"|"Trocar câmera"
"enter_fullscreen_button"|"lab.html:121; scripts/lab-ui.js:118"|"Entra in schermo intero"|"Enter fullscreen"|"Entrar em tela cheia"
"exit_fullscreen_button"|"scripts/lab-ui.js:116"|"Esci dallo schermo intero"|"Exit fullscreen"|"Sair da tela cheia"
"mirror_preview_label"|"lab.html:122"|"Anteprima speculare"|"Mirror preview"|"Prévia espelhada"
"mirror_preview_help"|"lab.html:122"|"Specchia l'immagine, non la camera"|"Flip the image, not the camera"|"Espelha a imagem, não a câmera"
"variables_heading"|"lab.html:127"|"Variabili"|"Variables"|"Variáveis"
"hardcoded_note"|"lab.html:127"|"(normalmente hardcoded)"|"(normally hardcoded)"|"(normalmente fixas no código)"
"match_threshold_label"|"lab.html:128; lab.html:154"|"Soglia di riconoscimento"|"Match threshold"|"Limite de correspondência"
"match_threshold_help"|"lab.html:128"|"Distanza sopra cui è ""nessuna corrispondenza"""|"Distance above which it is ""no match"""|"Distância acima da qual é ""sem correspondência"""
"analysis_frequency_label"|"lab.html:130"|"Frequenza di analisi"|"Analysis frequency"|"Frequência da análise"
"analysis_frequency_help"|"lab.html:130"|"Quanto spesso il match viene rimisurato"|"How often the match is re-measured"|"Com que frequência a correspondência é medida de novo"
"fps_option_heavy"|"lab.html:134"|"30 ms · pesante"|"30 ms · heavy"|"30 ms · pesado"
"fps_option_fast"|"lab.html:135"|"60 ms · veloce"|"60 ms · fast"|"60 ms · rápido"
"fps_option_medium"|"lab.html:136"|"90 ms · medio"|"90 ms · medium"|"90 ms · médio"
"fps_option_battery"|"lab.html:137"|"120 ms · leggero sulla batteria"|"120 ms · easy on battery"|"120 ms · leve para a bateria"
"estimated_opacity_label"|"lab.html:137"|"Opacità stimata"|"Estimated opacity"|"Opacidade estimada"
"estimated_opacity_help"|"lab.html:137"|"Forza predefinita del Ghostyle"|"Default Ghostyle strength"|"Força padrão do Ghostyle"
"faces_heading"|"lab.html:142; lab.html:211"|"Volti"|"Faces"|"Rostos"
"delete_all_faces_label"|"lab.html:143"|"Cancella tutti i volti"|"Delete all faces"|"Excluir todos os rostos"
"delete_all_faces_help"|"lab.html:143"|"Cancella ogni baseline salvata su questo dispositivo"|"Wipes every saved baseline on this device"|"Apaga todas as bases salvas neste dispositivo"
"delete_all_button"|"lab.html:144"|"Cancella tutto"|"Delete all"|"Excluir tudo"
"analyze_current_frame_label"|"lab.html:145"|"Analizza frame corrente"|"Analyze current frame"|"Analisar quadro atual"
"analyze_current_frame_help"|"lab.html:145"|"Apri la diagnostica prima/dopo"|"Open the before/after diagnostic"|"Abrir o diagnóstico antes/depois"
"analyze_button"|"lab.html:146"|"Analizza"|"Analyze"|"Analisar"
"archive_mode_heading"|"lab.html:152"|"Archivio e modalità"|"Archive & mode"|"Arquivo e modo"
"saved_faces_metric"|"lab.html:154"|"Volti salvati"|"Saved faces"|"Rostos salvos"
"next_id_metric"|"lab.html:155"|"Prossimo ID"|"Next ID"|"Próximo ID"
"active_effect_metric"|"lab.html:157"|"Effetto attivo"|"Active effect"|"Efeito ativo"
"tracking_metric"|"lab.html:158"|"Tracciamento"|"Tracking"|"Rastreamento"
"logs_heading"|"lab.html:163"|"Log"|"Logs"|"Registros"
"waiting_webcam_log"|"lab.html:162"|"In attesa che la webcam si avvii…"|"Waiting for the webcam to start…"|"Aguardando a webcam iniciar…"
"online_kicker"|"lab.html:170; lab.html:181; lab.html:192; lab.html:218"|"Online"|"Online"|"Online"
"upload_report_title"|"lab.html:168; lab.html:171; lab.html:220"|"Carica e segnala"|"Upload & report"|"Enviar e relatar"
"upload_report_description"|"lab.html:172"|"Invia una clip registrata o una prova di un sistema reale. Passa da internet: condividi solo ciò che per te è sicuro."|"Send a recorded clip or evidence of a real-world deployment. Goes over the internet — share only what is safe for you."|"Envie um clipe gravado ou prova de uma instalação real. Vai pela internet: compartilhe só o que for seguro para você."
"share_clip_title"|"lab.html:174"|"Condividi una clip"|"Share a clip"|"Compartilhar um clipe"
"no_clips_recorded"|"lab.html:174; scripts/lab-ui.js:142"|"Nessuna clip registrata."|"No clips recorded yet."|"Nenhum clipe gravado ainda."
"clips_ready_to_send"|"scripts/lab-ui.js:142"|"{count} clip pronte da inviare."|"{count} clip(s) ready to send."|"{count} clipe(s) prontos para enviar."
"report_deployment_title"|"lab.html:175"|"Segnala un deployment"|"Report a deployment"|"Relatar uma instalação"
"report_deployment_description"|"lab.html:175"|"Dove il riconoscimento facciale appare nello spazio pubblico, chi lo gestisce, che aspetto ha."|"Where face recognition appears in public space, who runs it, what it looks like."|"Onde o reconhecimento facial aparece no espaço público, quem opera e como ele se parece."
"shared_gallery_title"|"lab.html:179; lab.html:182; lab.html:223"|"Galleria condivisa"|"Shared gallery"|"Galeria compartilhada"
"shared_gallery_description"|"lab.html:183"|"Risultati e clip pubblicati dalla community. Caricati dal server."|"Results and clips the community has published. Loaded from the server."|"Resultados e clipes publicados pela comunidade. Carregados do servidor."
"gallery_demo_broke"|"lab.html:187"|"0.71 ✓ rotto"|"0.71 ✓ broke"|"0.71 ✓ quebrou"
"gallery_demo_clip"|"lab.html:188"|"clip 2s"|"2s clip"|"clipe 2s"
"info_title"|"lab.html:190; lab.html:225"|"Info"|"Info"|"Info"
"info_description"|"lab.html:197"|"Un laboratorio in tempo reale per testare il camouflage contro il riconoscimento facciale. Cambia l'aspetto del tuo volto, osserva come reagisce una pipeline locale di riconoscimento, e conserva ciò che funziona."|"A real-time lab for testing face-recognition camouflage. Change how your face looks, watch a local recognition pipeline react, and keep what works."|"Um laboratório em tempo real para testar camuflagem contra reconhecimento facial. Mude a aparência do seu rosto, veja uma pipeline local de reconhecimento reagir e guarde o que funciona."
"info_not_invisible"|"lab.html:198"|"Non si tratta di diventare invisibili: si tratta di rendere il sistema abbastanza visibile da poterlo testare."|"Not about becoming invisible — about making the system visible enough to test."|"Não é sobre ficar invisível: é sobre tornar o sistema visível o suficiente para testar."
"initiative_note"|"lab.html:199"|"Presentazione internazionale dell'iniziativa italiana Ghòstati!, nata nel contesto NINA."|"International presentation of the Italian initiative Ghòstati!, born in the NINA context."|"Apresentação internacional da iniciativa italiana Ghòstati!, nascida no contexto NINA."
"main_nav_label"|"lab.html:203"|"Principale"|"Main"|"Principal"
"save_button"|"lab.html:207"|"Salva"|"Save"|"Salvar"
"upload_button"|"lab.html:221"|"Carica"|"Upload"|"Enviar"
"gallery_button"|"lab.html:224"|"Galleria"|"Gallery"|"Galeria"
"makeup_analysis_label"|"lab.html:250"|"Analisi del trucco"|"Makeup analysis"|"Análise da maquiagem"
"copy_report_button"|"lab.html:254"|"Copia report"|"Copy report"|"Copiar relatório"
"not_available_label"|"scripts/dom.js:123"|"N/D"|"N/A"|"N/D"
"off_status"|"scripts/dom.js:124"|"off"|"off"|"off"
"none_status"|"lab.html:157"|"nessuno"|"none"|"nenhum"
"active_style_missing_console"|"scripts/dom.js:172"|"Nessuno stile trovato per l'effetto attivo {effect}"|"No style found for active effect {effect}"|"Nenhum estilo encontrado para o efeito ativo {effect}"
"mirror_webcam_on_status"|"scripts/main.js:42; scripts/camera.js:71"|"Webcam speculare: ON"|"Mirror webcam: ON"|"Webcam espelhada: ON"
"mirror_webcam_button"|"scripts/main.js:42; scripts/camera.js:71"|"Webcam speculare"|"Mirror webcam"|"Espelhar webcam"
"switching_camera_log"|"scripts/main.js:50"|"Cambio fotocamera... ({mode})"|"Switching camera... ({mode})"|"Trocando câmera... ({mode})"
"camera_switch_error"|"scripts/main.js:57"|"Errore nel cambio fotocamera."|"Error while switching camera."|"Erro ao trocar a câmera."
"loading_models_status"|"scripts/main.js:142"|"caricamento modelli"|"loading models"|"carregando modelos"
"error_status"|"scripts/main.js:164"|"errore"|"error"|"erro"
"loading_error_log"|"scripts/main.js:560"|"Errore durante il caricamento: {message}"|"Error while loading: {message}"|"Erro ao carregar: {message}"
"save_face_error"|"scripts/main.js:522"|"Errore durante il salvataggio del volto."|"Error while saving the face."|"Erro ao salvar o rosto."
"makeup_analysis_error"|"scripts/main.js:534"|"Errore durante l'analisi del trucco."|"Error while analyzing the makeup."|"Erro ao analisar a maquiagem."
"error_console_prefix"|"scripts/main.js:162"|"Errore:"|"Error:"|"Erro:"
"face_thumbnail_alt"|"scripts/main.js:296"|"Miniatura volto ID {id}"|"Face thumbnail ID {id}"|"Miniatura do rosto ID {id}"
"no_preview"|"scripts/main.js:302; scripts/analyze-panel.js:138"|"nessuna anteprima"|"no preview"|"sem prévia"
"delete_id_label"|"scripts/main.js:334; scripts/main.js:346; scripts/main.js:350"|"Cancella ID {id}"|"Delete ID {id}"|"Excluir ID {id}"
"confirm_delete_id_label"|"scripts/main.js:355; scripts/main.js:356"|"Conferma cancellazione ID {id}"|"Confirm deletion of ID {id}"|"Confirmar exclusão do ID {id}"
"no_saved_faces_empty"|"scripts/main.js:381"|"Nessun volto salvato."|"No saved faces."|"Nenhum rosto salvo."
"confirm_question"|"scripts/main.js:542; scripts/main.js:546; scripts/main.js:548"|"Conferma?"|"Confirm?"|"Confirmar?"
"loading_face_system_log"|"scripts/main.js:556"|"Caricamento sistema di riconoscimento facciale (face-api.js)..."|"Loading face-recognition system (face-api.js)..."|"Carregando sistema de reconhecimento facial (face-api.js)..."
"loading_embedder_log"|"scripts/main.js:564"|"Caricamento ImageEmbedder per il motore di riconoscimento 3D..."|"Loading ImageEmbedder for the 3D recognition engine..."|"Carregando ImageEmbedder para o motor de reconhecimento 3D..."
"plugin_reload_started_log"|"scripts/main.js:429"|"Ricarica plugin in corso..."|"Reloading plugins..."|"Recarregando plugins..."
"plugin_reload_done_log"|"scripts/main.js:434"|"Reload completato: {count} plugin caricati."|"Reload complete: {count} plugins loaded."|"Recarga concluída: {count} plugins carregados."
"plugin_reload_error_log"|"scripts/main.js:436"|"Errore durante reload plugins: {message}"|"Error while reloading plugins: {message}"|"Erro ao recarregar plugins: {message}"
"thumbnail_capture_failed_log"|"scripts/main.js:485"|"Acquisizione miniatura fallita: {message}"|"Thumbnail capture failed: {message}"|"Falha ao capturar miniatura: {message}"
"embedder_unavailable_log"|"scripts/main.js:568"|"ImageEmbedder non disponibile: {message} — solo face-api attivo."|"ImageEmbedder unavailable: {message} — only face-api is active."|"ImageEmbedder indisponível: {message} — só o face-api está ativo."
"loading_makeup_plugins_log"|"scripts/main.js:571"|"Caricamento plugin di makeup in corso..."|"Loading makeup plugins..."|"Carregando plugins de maquiagem..."
"ghostyles_json_error_log"|"scripts/main.js:593"|"Errore durante la lettura di ghostyles.json: {message}"|"Error while reading ghostyles.json: {message}"|"Erro ao ler ghostyles.json: {message}"
"init_complete_webcam_log"|"scripts/main.js:596"|"Inizializzazione completata. Avvio webcam in corso..."|"Initialization complete. Starting webcam..."|"Inicialização concluída. Iniciando webcam..."
"webcam_permission_error"|"scripts/main.js:600"|"Impossibile inizializzare webcam: verifica i permessi camera per {origin}"|"Could not start webcam: check camera permissions for {origin}"|"Não foi possível iniciar a webcam: verifique as permissões da câmera para {origin}"
"ready_start_log"|"scripts/main.js:621"|"Tutto pronto! Inizia scansionando il tuo volto o attivando una guida makeup."|"All set! Start by scanning your face or turning on a makeup guide."|"Tudo pronto! Comece escaneando seu rosto ou ativando uma guia de maquiagem."
"face_api_models_not_loaded_log"|"scripts/engine.js:27"|"[ERROR] face-api modelli non caricati. Riprova tra pochi secondi."|"[ERROR] face-api models not loaded. Try again in a few seconds."|"[ERROR] modelos face-api não carregados. Tente de novo em alguns segundos."
"no_face_webcam_log"|"scripts/engine.js:38"|"Nessun volto rilevato nella webcam."|"No face detected in the webcam."|"Nenhum rosto detectado na webcam."
"face_api_error_log"|"scripts/engine.js:47"|"[ERRORE face-api] {message}"|"[face-api ERROR] {message}"|"[ERRO face-api] {message}"
"face_saved_log"|"scripts/engine.js:330"|"Impronta biometrica salvata con ID {id}. Detection score: {score}."|"Biometric faceprint saved with ID {id}. Detection score: {score}."|"Impressão biométrica salva com ID {id}. Pontuação da detecção: {score}."
"match_2d_ghostyle_unclear_headline"|"scripts/landmark-analysis.js:134"|"Il rilevatore con il Ghostyle vede il volto con ID {id} - diversita {diversity}%."|"With the Ghostyle, the detector sees the face as ID {id} - diversity {diversity}%."|"Com o Ghostyle, o detector vê o rosto como ID {id} - diversidade {diversity}%."
"match_2d_detector_failed_headline"|"scripts/landmark-analysis.js:142"|"Rilevatore ingannato dal Ghostyle! face-api non trova un volto nel disegno composito."|"Detector fooled by the Ghostyle! face-api does not find a face in the composite drawing."|"Detector enganado pelo Ghostyle! face-api não encontra um rosto no desenho composto."
"match_2d_weak_detection_headline"|"scripts/landmark-analysis.js:150"|"Individuazione sul Ghostyle con bassa confidenza (face-api non vede chiaramente un volto)."|"Low-confidence detection on the Ghostyle (face-api does not clearly see a face)."|"Detecção com baixa confiança no Ghostyle (face-api não vê claramente um rosto)."
"match_2d_ghostyle_eluded_headline"|"scripts/landmark-analysis.js:159"|"Ghostyle attivo: volto rilevato ma diversita {diversity}% sopra soglia {threshold}%."|"Ghostyle active: face detected, but diversity {diversity}% is above threshold {threshold}%."|"Ghostyle ativo: rosto detectado, mas diversidade {diversity}% acima do limite {threshold}%."
"match_2d_live_matched_headline"|"scripts/landmark-analysis.js:169"|"Corrispondenza trovata: ID {id} (diversita {diversity}% sotto soglia {threshold}%)."|"Match found: ID {id} (diversity {diversity}% below threshold {threshold}%)."|"Correspondência encontrada: ID {id} (diversidade {diversity}% abaixo do limite {threshold}%)."
"match_2d_live_eluded_headline"|"scripts/landmark-analysis.js:178"|"Nessuna corrispondenza: diversita {diversity}% sopra soglia {threshold}%."|"No match: diversity {diversity}% above threshold {threshold}%."|"Sem correspondência: diversidade {diversity}% acima do limite {threshold}%."
"webcam_unavailable_log"|"scripts/camera.js:51"|"Webcam non disponibile in questo contesto.{hint}"|"Webcam unavailable in this context.{hint}"|"Webcam indisponível neste contexto.{hint}"
"webcam_https_hint"|"scripts/camera.js:50"|" La pagina deve essere servita via HTTPS o da localhost (su mobile l'IP locale non basta)."|" The page must be served over HTTPS or from localhost (on mobile, a local IP is not enough)."|" A página deve ser servida por HTTPS ou por localhost (no celular, um IP local não basta)."
"webcam_live_status"|"scripts/camera.js:79"|"webcam attiva"|"webcam active"|"webcam ativa"
"webcam_active_log"|"scripts/camera.js:80"|"Webcam attiva. Premi l'icona bersaglio per la scansione o scegli un effetto."|"Webcam active. Press the target icon to scan or choose an effect."|"Webcam ativa. Pressione o ícone de alvo para escanear ou escolha um efeito."
"webcam_stream_inactive_log"|"scripts/camera.js:188"|"Errore: Webcam stream non attivo."|"Error: webcam stream is not active."|"Erro: o stream da webcam não está ativo."
"recording_started_log"|"scripts/camera.js:198"|"Registrazione avviata..."|"Recording started..."|"Gravação iniciada..."
"video_uploading_log"|"scripts/camera.js:233"|"Caricamento del video sul server in corso..."|"Uploading video to the server..."|"Enviando vídeo para o servidor..."
"video_upload_done_log"|"scripts/camera.js:245"|"Caricamento completato con successo sul server (HTTP {status}) - File: {filename}"|"Upload completed successfully on the server (HTTP {status}) - File: {filename}"|"Envio concluído com sucesso no servidor (HTTP {status}) - Arquivo: {filename}"
"video_upload_http_error_log"|"scripts/camera.js:247"|"Errore durante il caricamento del video: Server HTTP {status} {statusText}"|"Error while uploading video: server HTTP {status} {statusText}"|"Erro ao enviar vídeo: servidor HTTP {status} {statusText}"
"video_upload_network_error_log"|"scripts/camera.js:250"|"Errore di rete durante il caricamento del video: {message}"|"Network error while uploading video: {message}"|"Erro de rede ao enviar vídeo: {message}"
"recording_downloaded_log"|"scripts/camera.js:265"|"Registrazione completata e scaricata: {filename}"|"Recording completed and downloaded: {filename}"|"Gravação concluída e baixada: {filename}"
"media_recorder_error_log"|"scripts/camera.js:288"|"Errore durante l'inizializzazione di MediaRecorder: {message}"|"Error while initializing MediaRecorder: {message}"|"Erro ao inicializar MediaRecorder: {message}"
"local_archive_cleared_log"|"scripts/db.js:193"|"Archivio locale cancellato. Il contatore ID riparte da 0."|"Local archive cleared. The ID counter restarts from 0."|"Arquivo local apagado. O contador de ID recomeça em 0."
"incompatible_3d_db_log"|"scripts/db.js:71"|"Database 3D incompatibile col nuovo modello, svuoto"|"3D database incompatible with the new model, clearing it"|"Banco de dados 3D incompatível com o novo modelo, apagando"
"image_embedder_ready_log"|"scripts/engine-3d.js:63"|"[3D] ImageEmbedder pronto."|"[3D] ImageEmbedder ready."|"[3D] ImageEmbedder pronto."
"image_embedder_not_loaded_error"|"scripts/engine-3d.js:105"|"[engine-3d] ImageEmbedder non caricato."|"[engine-3d] ImageEmbedder not loaded."|"[engine-3d] ImageEmbedder não carregado."
"no_embedding_returned_error"|"scripts/engine-3d.js:110"|"Nessun embedding restituito dal modello."|"No embedding returned by the model."|"Nenhum embedding retornado pelo modelo."
"embedding_extraction_error"|"scripts/engine-3d.js:115"|"Errore estrazione embedding: {message}"|"Embedding extraction error: {message}"|"Erro ao extrair embedding: {message}"
"image_embedder_not_ready_save_log"|"scripts/engine-3d.js:152"|"[3D] ImageEmbedder non pronto — embedding 3D non salvato."|"[3D] ImageEmbedder not ready — 3D embedding not saved."|"[3D] ImageEmbedder não está pronto — embedding 3D não salvo."
"db_3d_not_initialized_log"|"scripts/engine-3d.js:156"|"[3D] DB 3D non inizializzato."|"[3D] 3D DB not initialized."|"[3D] DB 3D não inicializado."
"embedding_extraction_log"|"scripts/engine-3d.js:163"|"[3D] Errore estrazione embedding: {message}"|"[3D] Embedding extraction error: {message}"|"[3D] Erro ao extrair embedding: {message}"
"image_embedder_saved_log"|"scripts/engine-3d.js:172"|"[3D] Embedding ImageEmbedder salvato con ID {id}."|"[3D] ImageEmbedder embedding saved with ID {id}."|"[3D] Embedding do ImageEmbedder salvo com ID {id}."
"image_embedder_not_ready_compare_log"|"scripts/engine-3d.js:267"|"[3D] ImageEmbedder non pronto — confronto 3D saltato."|"[3D] ImageEmbedder not ready — 3D comparison skipped."|"[3D] ImageEmbedder não está pronto — comparação 3D ignorada."
"live_embedding_extraction_log"|"scripts/engine-3d.js:278"|"[3D] Errore estrazione embedding live: {message}"|"[3D] Live embedding extraction error: {message}"|"[3D] Erro ao extrair embedding ao vivo: {message}"
"match_3d_ghostyle_matched_headline"|"scripts/engine-3d.js:316"|"[3D] Ghostyle presente: ImageEmbedder abbina ID {id} (similarità {similarity} ≥ {threshold})."|"[3D] Ghostyle present: ImageEmbedder matches ID {id} (similarity {similarity} ≥ {threshold})."|"[3D] Ghostyle presente: ImageEmbedder corresponde ao ID {id} (similaridade {similarity} ≥ {threshold})."
"match_3d_ghostyle_eluded_headline"|"scripts/engine-3d.js:321"|"[3D] Ghostyle presente: ImageEmbedder non abbina (similarità {similarity} < {threshold}). Embedding visivo spostato."|"[3D] Ghostyle present: ImageEmbedder does not match (similarity {similarity} < {threshold}). Visual embedding shifted."|"[3D] Ghostyle presente: ImageEmbedder não corresponde (similaridade {similarity} < {threshold}). Embedding visual deslocado."
"match_3d_empty_db_headline"|"scripts/engine-3d.js:327"|"[3D] DB 3D vuoto, nessun confronto ImageEmbedder."|"[3D] 3D DB empty, no ImageEmbedder comparison."|"[3D] DB 3D vazio, sem comparação do ImageEmbedder."
"match_3d_live_matched_headline"|"scripts/engine-3d.js:332"|"[3D] Corrispondenza ImageEmbedder: ID {id} (similarità {similarity} ≥ {threshold})."|"[3D] ImageEmbedder match: ID {id} (similarity {similarity} ≥ {threshold})."|"[3D] Correspondência ImageEmbedder: ID {id} (similaridade {similarity} ≥ {threshold})."
"match_3d_live_eluded_headline"|"scripts/engine-3d.js:337"|"[3D] Nessuna corrispondenza ImageEmbedder (max similarità {similarity} < {threshold})."|"[3D] No ImageEmbedder match (max similarity {similarity} < {threshold})."|"[3D] Nenhuma correspondência ImageEmbedder (similaridade máxima {similarity} < {threshold})."
"record_clip_first_toast"|"scripts/lab-ui.js:102"|"Registra prima una clip"|"Record a clip first"|"Grave um clipe primeiro"
"fullscreen_not_available_toast"|"scripts/lab-ui.js:117"|"Schermo intero non disponibile qui"|"Fullscreen not available here"|"Tela cheia indisponível aqui"
"ghostyle_not_loaded_toast"|"scripts/lab-ui.js:204"|"Ghostyle ""{id}"" non caricato"|"Ghostyle ""{id}"" not loaded"|"Ghostyle ""{id}"" não carregado"
"pinned_to_slot_toast"|"scripts/lab-ui.js:242"|"Fissato nello slot {slot} → {name}"|"Pinned to Slot {slot} → {name}"|"Fixado no slot {slot} → {name}"
"measuring_status"|"scripts/lab-ui.js:302"|"Misurazione…"|"Measuring…"|"Medindo…"
"no_face_found_status"|"scripts/lab-ui.js:343"|"Volto non trovato"|"No face found"|"Rosto não encontrado"
"no_face_in_frame_status"|"scripts/lab-ui.js:356"|"Nessun volto nel frame"|"No face in frame"|"Nenhum rosto no quadro"
"escaped_status"|"scripts/lab-ui.js:344; scripts/lab-ui.js:364"|"Escapou"|"Escaped"|"Escapou"
"recognised_status"|"scripts/lab-ui.js:345; scripts/lab-ui.js:364"|"Reconhecido"|"Recognised"|"Reconhecido"
"visual_comparison_title"|"scripts/analyze-panel.js:142"|"Confronto visivo"|"Visual comparison"|"Comparação visual"
"visual_comparison_label"|"scripts/analyze-panel.js:143"|"Confronto visivo base vs attuale"|"Baseline vs current visual comparison"|"Comparação visual da base com o rosto atual"
"baseline_thumbnail_alt"|"scripts/analyze-panel.js:137"|"Thumbnail volto base ID {id}"|"Baseline face thumbnail ID {id}"|"Miniatura do rosto base ID {id}"
"current_thumbnail_alt"|"scripts/analyze-panel.js:150"|"Thumbnail volto attuale"|"Current face thumbnail"|"Miniatura do rosto atual"
"current_you_label"|"scripts/analyze-panel.js:151"|"Tu ora"|"You now"|"Você agora"
"face_detected_title"|"scripts/analyze-panel.js:167; scripts/analyze-panel.js:194"|"Volto rilevato"|"Face detected"|"Rosto detectado"
"no_face_snapshot"|"scripts/analyze-panel.js:168; scripts/analyze-panel.js:430"|"Nessun volto rilevato nello snapshot."|"No face detected in the snapshot."|"Nenhum rosto detectado no snapshot."
"recognition_title"|"scripts/analyze-panel.js:171; scripts/analyze-panel.js:206"|"Riconoscimento"|"Recognition"|"Reconhecimento"
"no_recognition_data"|"scripts/analyze-panel.js:172"|"Nessun dato di riconoscimento disponibile."|"No recognition data available."|"Nenhum dado de reconhecimento disponível."
"no_id_found"|"scripts/analyze-panel.js:180"|"Nessun ID trovato"|"No ID found"|"Nenhum ID encontrado"
"estimated_age_label"|"scripts/analyze-panel.js:195"|"Eta stimata:"|"Estimated age:"|"Idade estimada:"
"predicted_gender_label"|"scripts/analyze-panel.js:197"|"Genere predetto:"|"Predicted gender:"|"Gênero previsto:"
"dominant_emotion_label"|"scripts/analyze-panel.js:199"|"Emozione dominante:"|"Dominant emotion:"|"Emoção dominante:"
"detection_confidence_label"|"scripts/analyze-panel.js:201; scripts/analyze-panel.js:422"|"Confidence detection:"|"Detection confidence:"|"Confiança da detecção:"
"state_label"|"scripts/analyze-panel.js:207"|"Stato:"|"Status:"|"Estado:"
"match_with_id_label"|"scripts/analyze-panel.js:208; scripts/analyze-panel.js:434"|"Match con ID:"|"Match with ID:"|"Correspondência com ID:"
"diversity_from_baseline_label"|"scripts/analyze-panel.js:209; scripts/analyze-panel.js:436"|"Diversita dal volto base:"|"Diversity from baseline face:"|"Diversidade em relação ao rosto base:"
"recognition_threshold_label"|"scripts/analyze-panel.js:211; scripts/analyze-panel.js:438"|"Soglia di riconoscimento:"|"Recognition threshold:"|"Limite de reconhecimento:"
"interpretation_label"|"scripts/analyze-panel.js:213"|"Interpretazione:"|"Interpretation:"|"Interpretação:"
"analysis_interpretation"|"scripts/analyze-panel.js:213"|"il tuo volto attuale e {diversity} diverso dal volto base {id}; sopra {threshold}% di diversita il sistema non ti riconosce."|"your current face is {diversity} different from the baseline face {id}; above {threshold}% diversity, the system does not recognise you."|"seu rosto atual está {diversity} diferente do rosto base {id}; acima de {threshold}% de diversidade, o sistema não reconhece você."
"analysis_explainer_age"|"scripts/analyze-panel.js:17"|"Eta stimata dal modello - e solo una statistica, puo sbagliare di 5-10 anni."|"Age estimated by the model - it is only a statistic and can be wrong by 5-10 years."|"Idade estimada pelo modelo - é apenas uma estatística e pode errar por 5-10 anos."
"analysis_explainer_gender"|"scripts/analyze-panel.js:18"|"Genere predetto dal modello - addestrato su dataset con bias noti."|"Gender predicted by the model - trained on datasets with known bias."|"Gênero previsto pelo modelo - treinado em conjuntos de dados com vieses conhecidos."
"analysis_explainer_emotion"|"scripts/analyze-panel.js:19"|"Emozione dominante tra quelle che il modello distingue: happy, sad, angry, fearful, disgusted, surprised, neutral."|"Dominant emotion among the ones the model can distinguish: happy, sad, angry, fearful, disgusted, surprised, neutral."|"Emoção dominante entre as que o modelo distingue: happy, sad, angry, fearful, disgusted, surprised, neutral."
"analysis_explainer_confidence"|"scripts/analyze-panel.js:20"|"Quanto il rilevatore e sicuro di vedere un volto nello snapshot. Sotto 50% spesso non viene rilevato nulla."|"How sure the detector is that it sees a face in the snapshot. Below 50%, often nothing is detected."|"Quão seguro o detector está de ver um rosto no snapshot. Abaixo de 50%, muitas vezes nada é detectado."
"analysis_explainer_distance"|"scripts/analyze-panel.js:21"|"Quanto il tuo volto attuale e diverso dal volto base salvato con questo ID. Piu la percentuale e alta, meno il sistema riesce a riconoscerti."|"How different your current face is from the baseline face saved with this ID. The higher the percentage, the less the system can recognise you."|"Quão diferente seu rosto atual está do rosto base salvo com este ID. Quanto maior a porcentagem, menos o sistema consegue reconhecer você."
"analysis_explainer_threshold"|"scripts/analyze-panel.js:22"|"Sopra questa percentuale di diversita il sistema non ti riconosce piu. Sotto, si."|"Above this diversity percentage, the system no longer recognises you. Below it, it does."|"Acima desta porcentagem de diversidade, o sistema não reconhece mais você. Abaixo dela, reconhece."
"analysis_explainer_embedder"|"scripts/analyze-panel.js:23"|"Il motore 3D usa una scala diversa (cosine similarity, 0-1, piu alto = piu simile)."|"The 3D engine uses a different scale (cosine similarity, 0-1, higher = more similar)."|"O motor 3D usa uma escala diferente (similaridade de cosseno, 0-1, maior = mais parecido)."
"analyze_error_log"|"scripts/analyze-panel.js:269"|"[ERRORE analyze] {message}"|"[analyze ERROR] {message}"|"[ERRO analyze] {message}"
"report_copied_log"|"scripts/analyze-panel.js:230"|"Report copiato negli appunti"|"Report copied to clipboard"|"Relatório copiado para a área de transferência"
"report_copy_failed_log"|"scripts/analyze-panel.js:232"|"Impossibile copiare il report negli appunti"|"Could not copy the report to clipboard"|"Não foi possível copiar o relatório para a área de transferência"
"report_title_markdown"|"scripts/analyze-panel.js:399; scripts/analyze-panel.js:410"|"### Ghostmaxxing - Analisi del trucco"|"### Ghostmaxxing - Makeup analysis"|"### Ghostmaxxing - Análise da maquiagem"
"yes_value"|"scripts/analyze-panel.js:412"|"si"|"yes"|"sim"
"no_value"|"scripts/analyze-panel.js:401; scripts/analyze-panel.js:412"|"no"|"no"|"não"
"report_face_detected_line"|"scripts/analyze-panel.js:401; scripts/analyze-panel.js:412"|"Volto rilevato: {value}"|"Face detected: {value}"|"Rosto detectado: {value}"
"report_recognition_2d_heading"|"scripts/analyze-panel.js:403; scripts/analyze-panel.js:426"|"Riconoscimento (face-api 2D)"|"Recognition (face-api 2D)"|"Reconhecimento (face-api 2D)"
"no_data_available"|"scripts/analyze-panel.js:405"|"Nessun dato disponibile."|"No data available."|"Nenhum dado disponível."
"report_estimated_age_line"|"scripts/analyze-panel.js:416"|"Eta stimata: {value}"|"Estimated age: {value}"|"Idade estimada: {value}"
"report_predicted_gender_line"|"scripts/analyze-panel.js:418"|"Genere predetto: {value}"|"Predicted gender: {value}"|"Gênero previsto: {value}"
"report_dominant_emotion_line"|"scripts/analyze-panel.js:420"|"Emozione dominante: {value}"|"Dominant emotion: {value}"|"Emoção dominante: {value}"
"report_detection_confidence_line"|"scripts/analyze-panel.js:422"|"Confidence detection: {value}"|"Detection confidence: {value}"|"Confiança da detecção: {value}"
"no_baseline_face_database"|"scripts/analyze-panel.js:432"|"Nessun volto base nel database."|"No baseline face in the database."|"Nenhum rosto base no banco de dados."
"report_match_with_id_line"|"scripts/analyze-panel.js:434"|"Match con ID: {value}"|"Match with ID: {value}"|"Correspondência com ID: {value}"
"report_diversity_line"|"scripts/analyze-panel.js:436"|"Diversita dal volto base: {value}"|"Diversity from baseline face: {value}"|"Diversidade em relação ao rosto base: {value}"
"report_recognition_threshold_line"|"scripts/analyze-panel.js:438"|"Soglia di riconoscimento: {value}"|"Recognition threshold: {value}"|"Limite de reconhecimento: {value}"
"report_status_line"|"scripts/analyze-panel.js:440"|"Stato: {value}"|"Status: {value}"|"Estado: {value}"
"report_embedder_3d_heading"|"scripts/analyze-panel.js:444"|"Embedder 3D (MediaPipe)"|"3D Embedder (MediaPipe)"|"Embedder 3D (MediaPipe)"
"report_cosine_similarity_line"|"scripts/analyze-panel.js:447; scripts/analyze-panel.js:449"|"Cosine similarity con ID {id}: {value}"|"Cosine similarity with ID {id}: {value}"|"Similaridade de cosseno com ID {id}: {value}"
"no_embedding_data_available"|"scripts/analyze-panel.js:451"|"Nessun dato embedding disponibile."|"No embedding data available."|"Nenhum dado de embedding disponível."
"image_copied_log"|"scripts/export-makeup.js:49"|"Immagine con referto diagnostico copiata negli appunti!"|"Image with diagnostic report copied to clipboard!"|"Imagem com relatório de diagnóstico copiada para a área de transferência!"
"image_shared_log"|"scripts/export-makeup.js:59"|"Immagine condivisa con successo!"|"Image shared successfully!"|"Imagem compartilhada com sucesso!"
"image_copy_unavailable_log"|"scripts/export-makeup.js:62"|"Impossibile copiare l'immagine (permessi mancanti o Share API non supportata)."|"Could not copy the image (missing permissions or Share API not supported)."|"Não foi possível copiar a imagem (permissões ausentes ou Share API não suportada)."
"image_copy_error_log"|"scripts/export-makeup.js:66"|"Errore durante la copia. Forse manca il permesso nel browser?"|"Error while copying. Maybe the browser permission is missing?"|"Erro ao copiar. Talvez falte a permissão no navegador?"
"plugin_missing_name_log"|"scripts/ghostyles-manager.js:101"|"Plugin {id} senza @name nell'header, uso fallback {fallback}"|"Plugin {id} has no @name in the header, using fallback {fallback}"|"Plugin {id} sem @name no cabeçalho, usando fallback {fallback}"
"plugin_missing_version_log"|"scripts/ghostyles-manager.js:108"|"Plugin {id} senza @version"|"Plugin {id} has no @version"|"Plugin {id} sem @version"
"plugin_not_renderable_log"|"scripts/ghostyles-manager.js:112"|"Plugin {id} non esporta ne onDraw ne paintUV, ignorato"|"Plugin {id} exports neither onDraw nor paintUV, ignored"|"Plugin {id} não exporta onDraw nem paintUV, ignorado"
"plugin_invalid_release_date_log"|"scripts/ghostyles-manager.js:117"|"Plugin {id} ha @release_date non valida ({releaseDate}), ignorata"|"Plugin {id} has invalid @release_date ({releaseDate}), ignored"|"Plugin {id} tem @release_date inválida ({releaseDate}), ignorada"
"ghostyle_loaded_log"|"scripts/ghostyles-manager.js:143"|"Caricato con successo ghostyle {name} da {url}"|"Successfully loaded ghostyle {name} from {url}"|"Ghostyle {name} carregado com sucesso de {url}"
"plugin_runtime_error_log"|"scripts/ghostyles-manager.js:164; scripts/plugins3d-loader.js:58"|"Plugin {id} ha lanciato: {message} ({hook})"|"Plugin {id} threw: {message} ({hook})"|"Plugin {id} lançou erro: {message} ({hook})"
"ghostyle_already_active_log"|"scripts/ghostyles-manager.js:348"|"Effetto {name} già attivo. Disattivazione in corso..."|"Effect {name} already active. Deactivating..."|"Efeito {name} já ativo. Desativando..."
"ghostyle_switched_log"|"scripts/ghostyles-manager.js:367"|"Effetto {previous} disattivato, abiliato {name}. Sarà applicato al volto nella webcam."|"Effect {previous} deactivated, {name} enabled. It will be applied to the face in the webcam."|"Efeito {previous} desativado, {name} ativado. Será aplicado ao rosto na webcam."
"ghostyle_activated_log"|"scripts/ghostyles-manager.js:369"|"Effetto {name} attivato. Sarà applicato al volto nella webcam."|"Effect {name} activated. It will be applied to the face in the webcam."|"Efeito {name} ativado. Será aplicado ao rosto na webcam."
"updated_meta_label"|"scripts/ghostyles-manager.js:258"|"aggiornato {time}"|"updated {time}"|"atualizado {time}"
"pin_to_slot_title"|"scripts/ghostyles-manager.js:279; scripts/ghostyles-manager.js:286"|"Fissa nello slot {slot}"|"Pin to Slot {slot}"|"Fixar no slot {slot}"
"pin_ghostyle_to_slot_label"|"scripts/ghostyles-manager.js:280; scripts/ghostyles-manager.js:287"|"Fissa {name} nello slot {slot}"|"Pin {name} to Slot {slot}"|"Fixar {name} no slot {slot}"
"params_heading"|"scripts/plugins3d-loader.js:373"|"Parametri - {name}"|"Parameters - {name}"|"Parâmetros - {name}"
"capture_thumbnail_video_required_error"|"scripts/face-thumbnails.js:154"|"captureThumbnail: elemento video richiesto."|"captureThumbnail: video element is required."|"captureThumbnail: elemento de vídeo obrigatório."
"capture_thumbnail_invalid_box_error"|"scripts/face-thumbnails.js:156"|"captureThumbnail: riquadro volto non valido."|"captureThumbnail: invalid face box."|"captureThumbnail: caixa de rosto inválida."
"capture_thumbnail_frame_not_ready_error"|"scripts/face-thumbnails.js:162"|"captureThumbnail: frame video non pronto."|"captureThumbnail: video frame not ready."|"captureThumbnail: quadro de vídeo não pronto."
"capture_thumbnail_context_error"|"scripts/face-thumbnails.js:181"|"captureThumbnail: contesto 2d non disponibile."|"captureThumbnail: 2d context unavailable."|"captureThumbnail: contexto 2d indisponível."
"uv_path_required_error"|"scripts/ghostyle3d-uv-renderer.js:25"|"[uv-renderer] uvPath obbligatorio"|"[uv-renderer] uvPath is required"|"[uv-renderer] uvPath obrigatório"
"media_devices_unavailable_error"|"scripts/camera.js:53"|"mediaDevices unavailable (insecure context?)"|"mediaDevices unavailable (insecure context?)"|"mediaDevices unavailable (insecure context?)"
"plugins3d_not_initialized_error"|"scripts/plugins3d-loader.js:92"|"[plugins3d] initPlugins3dLoader() non chiamato"|"[plugins3d] initPlugins3dLoader() not called"|"[plugins3d] initPlugins3dLoader() não chamado"
"plugins3d_missing_dom_error"|"scripts/plugins3d-loader.js:537"|"[plugins3d] elementi DOM mancanti"|"[plugins3d] missing DOM elements"|"[plugins3d] elementos DOM ausentes"
"canvas_2d_context_error"|"scripts/export-makeup.js:178"|"Impossibile creare il contesto canvas 2D."|"Could not create 2D canvas context."|"Não foi possível criar o contexto canvas 2D."
"console_get_face_embedding_error"|"scripts/engine-3d.js:115"|"[getFaceEmbedding]"|"[getFaceEmbedding]"|"[getFaceEmbedding]"
"console_uv_load_error"|"scripts/ghostyle3d-uv-renderer.js:58"|"[uv-renderer] errore caricamento UV:"|"[uv-renderer] UV loading error:"|"[uv-renderer] erro ao carregar UV:"
"uv_map_loaded_log"|"scripts/ghostyle3d-uv-renderer.js:55"|"UV map caricata ({landmarks} landmark, {triangles} triangoli)"|"UV map loaded ({landmarks} landmarks, {triangles} triangles)"|"Mapa UV carregado ({landmarks} landmarks, {triangles} triângulos)"
"uv_map_load_error_log"|"scripts/ghostyle3d-uv-renderer.js:59"|"Errore caricamento UV map: {message}"|"Error loading UV map: {message}"|"Erro ao carregar mapa UV: {message}"
"console_uv_paint_error"|"scripts/ghostyle3d-uv-renderer.js:368"|"[uv-renderer] paintUV errore:"|"[uv-renderer] paintUV error:"|"[uv-renderer] erro paintUV:"
"console_detection_error"|"scripts/engine.js:46"|"[detectFaceInCam]"|"[detectFaceInCam]"|"[detectFaceInCam]"
"console_resized_detection_missing"|"scripts/engine.js:96"|"resized.detection non disponibile:"|"resized.detection unavailable:"|"resized.detection indisponível:"
"console_composite_detection_error"|"scripts/engine.js:121"|"[compositeAndDetect]"|"[compositeAndDetect]"|"[compositeAndDetect]"
"console_clipboard_fallback"|"scripts/export-makeup.js:53"|"Clipboard write fallito, provo fallback"|"Clipboard write failed, trying fallback"|"Falha ao escrever na área de transferência, tentando alternativa"
"console_share_failed"|"scripts/export-makeup.js:62"|"Share failed"|"Share failed"|"Compartilhamento falhou"
"console_bbox_overlay_missing"|"scripts/bbox-overlay.js:121"|"[bbox-overlay] #bboxOverlay o #overlay mancante, init saltato"|"[bbox-overlay] missing #bboxOverlay or #overlay, skipping init"|"[bbox-overlay] #bboxOverlay ou #overlay ausente, init ignorado"
"overlay_face_detected_label"|"scripts/bbox-overlay.js:558"|"volto rilevato"|"face detected"|"rosto detectado"
"overlay_estimated_age_label"|"scripts/bbox-overlay.js:559"|"eta stimata: {age}"|"estimated age: {age}"|"idade estimada: {age}"
"overlay_estimated_gender_label"|"scripts/bbox-overlay.js:560"|"genere stimato: {gender}"|"estimated gender: {gender}"|"gênero estimado: {gender}"
"console_mediapipe_events_missing"|"scripts/mediapipe-loop.js:68"|"[mediapipe-loop] gstmxx.events non trovato, skip init"|"[mediapipe-loop] gstmxx.events not found, skipping init"|"[mediapipe-loop] gstmxx.events não encontrado, init ignorado"
"console_mediapipe_video_missing"|"scripts/mediapipe-loop.js:73"|"[mediapipe-loop] #video non trovato, skip init"|"[mediapipe-loop] #video not found, skipping init"|"[mediapipe-loop] #video não encontrado, init ignorado"
"console_mediapipe_init_error"|"scripts/mediapipe-loop.js:88"|"[mediapipe-loop] errore init:"|"[mediapipe-loop] init error:"|"[mediapipe-loop] erro de init:"
"mediapipe_load_error_log"|"scripts/mediapipe-loop.js:90"|"Errore caricamento MediaPipe: {message}"|"Error loading MediaPipe: {message}"|"Erro ao carregar MediaPipe: {message}"
"mediapipe_ready_log"|"scripts/mediapipe-loop.js:99"|"MediaPipe FaceLandmarker pronto (478 landmark 3D)"|"MediaPipe FaceLandmarker ready (478 3D landmarks)"|"MediaPipe FaceLandmarker pronto (478 landmarks 3D)"
"console_mediapipe_tick_error"|"scripts/mediapipe-loop.js:138"|"[mediapipe-loop] errore tick:"|"[mediapipe-loop] tick error:"|"[mediapipe-loop] erro de tick:"
"console_lab_ui_bus_missing"|"scripts/lab-ui.js:380"|"[lab-ui] state.gstmxxEvents non trovato — readout/effect mirroring disabilitati"|"[lab-ui] state.gstmxxEvents not found — readout/effect mirroring disabled"|"[lab-ui] state.gstmxxEvents não encontrado — readout/espelhamento de efeito desativados"
"console_auto_find_tick_error"|"scripts/auto-find-loop.js:116"|"[auto-find-loop] tick error:"|"[auto-find-loop] tick error:"|"[auto-find-loop] erro de tick:"
"homepage_wordmark_label"|"index.html:27"|"Prototipo homepage Ghostmaxxing"|"Ghostmaxxing homepage prototype"|"Protótipo da página inicial Ghostmaxxing"
"homepage_subtitle"|"index.html:32"|"Un laboratorio pubblico per testare il camouflage contro il riconoscimento facciale"|"A public lab for testing face-recognition camouflage"|"Um laboratório público para testar camuflagem contra reconhecimento facial"
"prototype_navigation_label"|"index.html:36"|"Navigazione del prototipo"|"Prototype navigation"|"Navegação do protótipo"
"research_references_link"|"index.html:37"|"Riferimenti di ricerca"|"Research References"|"Referências de pesquisa"
"vision_about_link"|"index.html:38"|"Visione e informazioni"|"Vision & About"|"Visão e informações"
"leak_to_us_link_html"|"index.html:39"|"Come fare <i>leak</i> a noi<span aria-hidden=""true"">↗</span>"|"How to <i>leak</i> to us<span aria-hidden=""true"">↗</span>"|"Como fazer <i>leak</i> para nós<span aria-hidden=""true"">↗</span>"
"hero_title_html"|"index.html:46"|"Disturba<br>la lettura."|"Disrupt<br>the read."|"Interrompa<br>a leitura."
"homepage_lead"|"index.html:47"|"Ghostmaxxing è una web app in tempo reale per testare il camouflage contro il riconoscimento facciale. Punta la fotocamera, cambia l'aspetto del tuo volto e osserva come reagisce una pipeline locale di riconoscimento — live. Tutto gira nel tuo browser, quindi i tuoi dati restano con te."|"Ghostmaxxing is a real-time web app for testing face-recognition camouflage. Point your camera, change how your face looks, and watch a local recognition pipeline react — live. Everything runs in your browser, so your data stays with you."|"Ghostmaxxing é uma web app em tempo real para testar camuflagem contra reconhecimento facial. Aponte sua câmera, mude a aparência do seu rosto e veja uma pipeline local de reconhecimento reagir — ao vivo. Tudo roda no seu navegador, então seus dados ficam com você."
"homepage_small_html"|"index.html:50"|"Pensato per <a href=""workshops.html"">workshop</a> pratici e auto-esperimenti: verifica di persona quando un look ferma un match, nelle tue condizioni — non è una promessa che funzionerà ovunque."|"Built for hands-on <a href=""workshops.html"">workshops</a> and self-experiments: see for yourself when a look stops a match, under your own conditions — not a promise that it will hold anywhere else."|"Feito para <a href=""workshops.html"">workshops</a> práticos e autoexperimentos: veja por conta própria quando um visual interrompe uma correspondência, nas suas condições — não é uma promessa de que funcionará em qualquer outro lugar."
"open_lab_link_html"|"index.html:54"|"Apri il lab <span aria-hidden=""true"">↗</span>"|"Open the lab <span aria-hidden=""true"">↗</span>"|"Abrir o lab <span aria-hidden=""true"">↗</span>"
"explore_further_label"|"index.html:56"|"Esplora ancora"|"Explore further"|"Explorar mais"
"technical_documentation_link"|"index.html:57"|"Documentazione tecnica"|"Technical documentation"|"Documentação técnica"
"code_link"|"index.html:58"|"Codice"|"Code"|"Código"
"homepage_hero_alt"|"index.html:65"|"Ritratto diviso tra overlay di riconoscimento facciale e camouflage avversario."|"Portrait split between face-recognition overlay and adversarial camouflage."|"Retrato dividido entre overlay de reconhecimento facial e camuflagem adversarial."
